"Country","ElectrAccess","CookAccess","AgriLand","BirthRate","CO2","CompEdu","DeathRate","FoodExports","Telephone","Internet","PopGrowth","BusinessTime","AdolFertRate","Precipitation","CorControl","EmployerPerc","FertRate","GDPperc","GDPdollars","Inflation","WaterStress","LifeExp","MortRate","PolStab","PopPerc14","VoiceAcc","WomBusiness"
"Afghanistan",93.43087769,31.1,58.27698818,36.927,0.299082634,9,6.981,65.89656176,0.348337974,16.8,2.885207973,8.5,88.431,327,-1.502880573,1.85747621,5.002,-1.688576593,492.0906323,0.626149149,54.75701944,63.081,47.8,-2.753262043,44.7084446,-1.007052064,38.125
"Albania",100,80.2,42.84967153,10.517,1.85464154,9,8.308,9.074720399,8.641983891,65.4,-0.246732042,4.5,15.58,1485,-0.545840263,3.294395876,1.44,4.276311551,5287.660801,2.028059631,5.757211539,79.184,8.3,0.366642982,17.08308235,0.188694432,91.25
"Angola",45.29,48.7,36.7305687,40.236,0.755827619,6,7.99,0.351065617,0.549531772,29,3.464456984,36,142.575,1010,-1.199250937,4.733754648,5.519,-4.676669584,2540.508878,19.63059436,1.871883289,62.144,52,-0.347750902,45.54594455,-0.903365195,73.125
"Armenia",99.9,98,58.914647,13.307,2.013779381,12,9.75,30.16770907,16.84901802,68.24505226,-0.540251082,4,19.533,562,-0.40889135,0.618974746,1.572,5.769882149,4391.92327,2.52023382,54.75085737,75.064,11.1,-0.451120526,20.21824346,-0.130894393,85
"Australia",100,100,46.65809501,12.6,15.86571352,10,6.3,11.84145555,32.8272729,90,1.49599671,2.5,9.983,534,1.767377615,5.451183534,1.74,1.378345353,57273.52048,1.911400944,4.957780458,82.74878049,3.2,0.970811963,18.78015455,1.393920898,96.875
"Austria",100,100,32.14772176,9.7,7.141140211,13,9.5,7.469474913,42.25259804,87.47913723,0.487071925,21,5.855,1110,1.568366051,4.56394275,1.47,1.92771306,51466.55656,1.998379814,9.643547941,81.69268293,2.9,0.884671748,14.4324212,1.39915669,94.375
"Azerbaijan",100,97.8,57.8253926,14,3.292641249,10,5.8,3.596068574,16.56147113,79.79999549,0.866316916,3.5,45.088,447,-0.852769494,13.75146881,1.73,0.624486168,4739.794312,2.268546904,53.72930007,72.76,19.2,-0.711426675,24.54686749,-1.508211613,78.75
"Bahrain",100,100,10.41131105,13.818,20.73796173,9,1.992,3.419108765,18.47143222,98.64467258,2.072370164,8.3,11.627,83,-0.176231503,1.658134314,1.93,0.016786109,25415.84662,2.08766938,133.7068966,79.857,6.1,-0.846307814,19.92910832,-1.41806531,40
"Barbados",100,100,23.25581395,10.913,4.541381825,11,8.927,32.78131773,45.78065559,82.48,0.179288798,16,42.154,1422,1.371912479,0.742406023,1.619,-1.049283021,18271.25225,3.673814104,87.5,77.067,12.1,0.900504649,17.86237189,1.102098107,76.875
"Belarus",99.34876251,99.5,41.64449699,9.9,6.279579416,9,12.7,14.96390929,46.29737239,79.12988669,-0.213824207,9,11.596,618,-0.154802009,0.52770549,1.448,3.37043437,6360.053101,4.872302206,4.581410679,74.17560976,2.5,0.353457749,16.77886821,-1.363152385,75.625
"Belgium",100,100,44.71598415,10.4,8.184366679,12,9.7,10.90146137,35.87220651,88.647343,0.455184695,4.5,5.717,847,1.429420352,3.789841217,1.62,1.330652227,47544.98115,2.053164999,51.28992629,81.59512195,3.4,0.393630445,16.92826426,1.330212235,100
"Belize",91.72,83.1,7.540552389,21.015,1.648929766,8,4.74,87.0866824,5.462145284,49.8,1.948634454,48,72.062,1705,-0.169436514,5.457228077,2.345,-0.894543697,6001.024262,0.269982623,1.260294485,73.703,11.2,-0.002222205,29.94469542,0.431013256,79.375
"Benin",39.0094223,4.8,35.03015254,38.186,0.636814494,6,9.428,37.2550158,0.406241419,19,2.922392187,8.5,95.481,1039,-0.391388416,1.035767904,5.199,3.624262545,1194.438214,0.644803622,0.975243811,60.14,59.5,-0.147074759,42.95190472,0.248301506,74.375
"Bolivia",92.8,85.6,34.96409056,22.634,1.88518817,14,7.124,15.43697131,6.133943545,44.2861422,1.487474197,39.5,66.461,1146,-0.68817246,4.934544668,2.73,2.684797339,3471.006951,2.272059872,1.177001127,67.748,22.6,-0.28669095,32.04667825,-0.059398498,88.75
"Brazil",99.7,96.1,28.41562848,14.133,2.064261479,14,6.516,34.63881499,18.22931211,70.43428254,0.793768154,20.1,53.436,1761,-0.480606288,4.713915876,1.749,0.978938493,9121.020995,3.664850284,1.464112726,75.109,13.5,-0.459640145,21.43982493,0.37796551,81.875
"Brunei Darussalam",100,100,2.542694497,15.05,17.36231043,9,4.7,0.087582029,19.01748666,95,0.924880805,5.5,10.025,2722,0.761487544,2.767324668,1.848,-0.868860057,31240.50179,1.025051793,3.466465712,74.712,9.4,1.235813618,23.23069856,-0.857715189,53.125
"Burkina Faso",14.4,9.8,45.36915205,37.294,0.25242828,10,8.809,14.54049227,0.376408781,8.5,2.768681163,13,115.166,748,-0.131240994,2.194140048,5.069,3.693513328,779.2027686,1.955943027,7.820267686,60.047,55.6,-1.060256481,44.99130155,-0.061017469,82.5
"Cabo Verde",90.19692993,78.6,19.60297767,17.821,1.041137811,10,5.275,83.45655857,10.97335093,59.5,1.099860052,18,57.389,228,0.75564152,4.355740347,1.964,2.57258285,3860.454808,1.256995667,8.433333333,75.733,13.7,0.833078504,27.8648603,0.975099623,86.25
"Cameroon",62.2,22.6,20.62575363,36.716,0.388794448,6,8.379,19.61615666,3.597966674,29.7,2.763737638,13.5,116.168,1604,-1.162674546,3.115274384,4.694,1.121795214,1594.06011,1.068858113,1.560430108,61.18,51.5,-1.401759028,42.96634534,-1.129023314,60
"Canada",100,100,6.456819908,10.1,15.63665416,10,7.7,11.92683044,37.37519932,94.64,1.412455869,1.5,7.094,537,1.789857745,4.625822519,1.51,1.301965104,46548.63841,2.268225672,3.733573635,81.84390244,4.6,0.963774383,16.08694786,1.501851201,97.5
"Central African Republic",14.64395523,0.7,7.879867733,41.831,0.044967594,10,11.23,0.208240815,0.043044057,5.1,1.943058623,22,162.886,1343,-1.233191371,1.176469234,6.037,1.792220305,435.9322966,1.61215687,0.335648148,54.369,80.3,-2.172087193,48.58028217,-1.20345211,77.5
"Chile",100,100,15.73330401,11.94,4.629657059,12,6.327,24.60045908,16.02652201,84.9,1.795962799,6,24.292,1522,0.958148718,4.261589697,1.564,2.139078181,15820.03336,2.434889814,8.982121089,80.133,6.3,0.412628829,19.10261987,1.025870562,77.5
"China",100,77.6,55.54273924,10.86,7.533193134,9,7.08,2.910565147,13.55508705,59.2,0.467672053,8.6,13.325,645,-0.286587775,4.093470052,1.554,6.251700556,9905.406383,2.0747904,43.30275631,77.744,6.4,-0.298641503,18.39055059,-1.459927917,75.625
"Colombia",98.5,91.6,39.70076611,14.841,1.610391517,12,5.311,13.67001311,14.15179195,64.12637682,1.895586751,11,63.885,3240,-0.339970648,4.086187383,1.787,0.638439616,6782.03792,3.240569329,4.063461168,76.748,12.2,-0.806959629,22.81965985,0.172091424,81.875
"Costa Rica",99.7,95.2,34.90990991,13.562,1.620121197,13,5.276,41.09451554,15.23260303,73.47972844,0.934615301,23,51.147,2926,0.501532555,3.696321506,1.709,1.661308308,12383.14995,2.221114615,5.211023891,79.484,7.4,0.453240991,21.56045132,1.119108796,80
"Cote d'Ivoire",67.14865875,27.3,72.79874214,35.007,0.399890358,10,8.961,56.52229148,1.186154163,37.54653613,2.566474934,6,109.253,1348,-0.525697172,2.47836029,4.611,2.186608497,2295.540335,0.359409031,5.087565674,58.849,61,-0.898008049,42.76144158,-0.248956934,78.125
"Croatia",100,100,26.51704667,9,4.020066328,8,12.9,13.82103046,32.58422996,75.29462599,-0.893486928,22.5,9.041,1113,0.046951234,4.723000618,1.47,3.743125706,15040.03692,1.50012501,1.496220543,78.07073171,4,0.793498814,14.25344641,0.44627142,93.75
"Czechia",100,100,45.62880456,10.7,9.66462802,10,10.6,4.123912368,14.35216339,80.68816754,0.334427262,24.5,10.59,677,0.510070622,3.127221484,1.71,2.875468527,23424.48046,2.149494949,24.17883212,79.02926829,2.5,1.02620995,15.7260608,0.822482824,93.75
"Denmark",100,100,65.8125,10.6,5.718912959,10,9.5,17.9220348,19.45495212,97.31920437,0.495838926,3.5,2.495,703,2.15647912,3.210800581,1.73,1.485085157,61591.92887,0.813609467,29.90310979,80.95365854,3.3,0.931788921,16.51223077,1.573501945,100
"Dominican Republic",98.9,90.5,50.27944525,19.762,2.356223766,15,6.06,22.51153313,11.87296863,74.82204836,1.10483768,16.5,83.874,1410,-0.830727458,3.272975642,2.381,5.807049827,7947.159331,3.56443426,39.55331412,73.232,28.6,0.012199945,28.16427857,0.125113517,86.25
"Ecuador",98.7,94.6,21.9358995,17.658,2.366829826,15,4.911,46.38013801,13.87298133,57.5,1.890909307,48.5,71.383,2274,-0.629149854,3.004370364,2.133,-0.608002129,6321.349401,-0.224103246,6.782352941,77.094,12,-0.094810791,27.46796975,0.0011285,89.375
"Egypt, Arab Rep.",100,99.9,3.880656989,24.562,2.294016243,12,5.511,15.79358659,7.581673414,46.92433677,1.898930768,11.5,49.099,18.1,-0.514392555,12.36304499,3.098,3.349815022,2531.200079,14.40146578,141.1657559,71.367,17.9,-1.188100696,33.43716507,-1.324804425,45
"El Salvador",97,89.6,57.70752896,16.536,1.090587479,15,6.938,17.6067855,14.7064803,43.8,0.15447668,16.5,58.197,1784,-0.586034775,4.545633824,1.849,2.262762328,4145.862351,1.090330006,2.406737367,72.555,11.9,-0.389219522,26.78941597,0.029691502,88.75
"Estonia",100,100,23.04093567,10.9,11.88893604,9,11.9,8.945479916,26.14608955,89.35700777,0.348039138,3.5,9.404,626,1.468725204,3.784389207,1.67,3.423619058,23165.84948,3.436326884,17.40844156,78.24390244,1.9,0.580257714,16.36383233,1.190116882,97.5
"Eswatini",73.96111298,53.1,69.8255814,25.718,0.952924266,7,9.324,25.97650584,3.803338079,43.7,0.781899444,30,73.158,788,-0.231745571,2.245682239,2.962,1.582707546,4021.445556,4.815061675,77.55991285,59.411,45.4,-0.377810627,36.32648313,-1.369288683,43.75
"Finland",100,100,7.475651487,8.6,8.049188427,10,9.9,2.327308111,5.85626478,88.88996,0.132641041,17,4.328,536,2.171321154,3.583018925,1.41,1.00565417,49987.62616,1.083820984,6.639791321,81.73414634,1.9,0.891700327,16.07038831,1.588881493,97.5
"France",100,100,52.34176533,11.3,4.570517428,10,9.1,12.31209324,59.32374047,82.04318678,0.358494582,3.5,8.166,867,1.281640649,4.224670355,1.87,1.500539123,41557.85486,1.850815083,23.56904868,82.67560976,3.4,0.0137935,17.83541388,1.157234788,100
"Gabon",89.57460785,88.2,8.356564598,29.004,2.335936117,10,6.986,0.233643643,0.995341266,59.6,2.391355225,31,97.637,1831,-0.858977616,2.529341291,3.679,-1.544872184,7694.906051,4.749066521,0.502166065,66.306,32.2,-0.257414043,36.62936987,-0.961687982,57.5
"Gambia, The",60.3,1.8,62.64822134,34.924,0.244507378,9,7.323,86.2427247,1.799652831,25.5,2.641376345,25,67.16,836,-0.501664221,1.473255477,4.972,4.439494294,683.3246328,6.520968239,2.209656372,63.04,36.7,-0.08758685,44.65088875,-0.215281859,69.375
"Germany",100,100,47.64153644,9.5,8.537042688,13,11.5,5.326365175,51.26862957,87.03711209,0.300526702,8,8.004,700,1.898325324,4.246992052,1.57,0.678212594,47939.27829,1.732168798,33.50191886,80.89268293,3.2,0.577707589,13.52164333,1.442795277,100
"Ghana",80.4,25.7,53.69403885,29.025,0.543393317,11,7.373,26.05736938,0.901759701,43,2.122679766,14,67.225,1187,-0.138242349,5.549460298,3.731,3.96954738,2180.029684,7.808765166,6.314734089,64.122,35.6,-0.036738522,38.1507844,0.55849874,75
"Guatemala",94.20999146,45.3,42.49160134,23.929,1.105753673,16,4.995,47.30581309,14.45737421,41.5,1.600385982,15,76.279,1996,-0.821694732,2.680575845,2.743,1.765136399,4485.752135,3.751861867,5.742097081,72.726,21.5,-0.538192272,34.55549766,-0.353329957,73.75
"Guinea-Bissau",28.3832016,1.1,28.98684211,32.657,0.165094768,9,8.401,68.54717171,0,15.7,2.372337148,8.5,93.021,1577,-1.55884099,0.728706287,4.263,-1.090777898,781.6443676,0.381324703,1.495726496,60.502,54.6,-0.684850454,41.80075425,-0.682131171,40
"Honduras",91.6,47.75,31.36115828,21.895,0.922234079,12,4.257,59.93194446,5.432575808,36.04006082,1.709728907,42,74.666,1976,-0.656966507,9.897370782,2.46,2.084618588,2457.686042,4.347349378,4.621268764,72.814,15.8,-0.531866431,32.20164201,-0.523381531,75
"Hungary",100,100,58.03199649,9.6,5.033254347,13,13.4,7.769843915,31.50181284,76.07436064,-0.126786952,7,22.762,589,0.05579298,3.504631988,1.55,5.496018792,16425.20503,2.850247926,8.494752155,76.06585366,3.5,0.737417698,14.54414898,0.48724252,93.75
"Iceland",100,100,18.56590301,12,4.817688768,10,6.4,44.2737037,35.40909941,99.01095399,2.678142769,11.5,5.699,1940,1.805385828,3.968231443,1.71,2.11737324,74452.18907,2.682917683,0.394075282,82.86097561,2.1,1.394577146,19.16001315,1.389014244,100
"Indonesia",98.51,78.5,34.03427608,17.179,2.126836838,9,7.496,20.44881686,3.109150843,39.90463864,0.966206436,21,35.293,2702,-0.299459815,3.574224515,2.234,4.162984291,3902.661676,3.198346416,29.69654528,70.338,20.8,-0.552077413,26.20426102,0.162236914,64.375
"Iran, Islamic Rep.",100,96.7,28.91525424,17.231,7.445127905,9,4.715,6.336076446,35.60219806,70.200565,1.307882209,72.5,37.878,228,-0.984159291,3.684881974,1.968,-3.113491709,3850.751253,18.01411834,81.28908129,76.195,12,-1.342144251,24.10614133,-1.330449224,31.25
"Israel",100,100,29.6349353,20.8,6.91499302,15,5,2.979557271,37.84079031,83.73315696,1.926622865,11,8.086,435,0.753771842,3.391180408,3.09,2.084470629,42406.84543,0.79407566,95.93650246,82.80243902,2.9,-0.918106616,28.27151666,0.630631924,80.625
"Italy",100,100,41.94874847,7.3,5.376940361,12,10.5,8.98693999,34.0639281,74.38718292,-0.19006364,11,4.133,832,0.215928152,6.063179095,1.29,1.11781662,34622.16967,1.137487636,29.68102917,83.34634146,2.7,0.32613951,13.25610434,0.963564575,97.5
"Jamaica",98.15042114,84.8,38.50415512,12.22,3.054588907,6,7.318,17.27427099,12.93888155,68.21451709,0.12309148,3,35.232,2051,-0.230746984,3.687564035,1.388,1.764583024,5594.493573,3.736638822,12.4734362,71.793,11.8,0.423851728,21.8973375,0.593458533,68.125
"Japan",100,100,13.02057613,7.4,8.76197885,9,11,0.943387366,50.24941019,88.74635089,-0.126880068,11.2,2.992,1668,1.388648033,1.938088555,1.42,0.771168471,39751.1331,0.989094598,36.36781609,84.21097561,1.9,1.037358642,12.24061146,0.994752228,78.75
"Jordan",99.9,99.9,11.50934895,22.999,2.362363185,10,3.15,15.23578114,3.52915611,65.2,2.365102658,12.5,27.314,111,0.123943955,3.590606438,2.973,-0.463136174,4146.407311,4.462311085,102.2261602,75.774,13.8,-0.379783809,33.92826609,-0.717258751,31.875
"Kazakhstan",100,93.7,80.02226173,21.77,11.86754957,9,7.14,5.035558064,17.29465357,78.90391906,1.314522985,5,23.582,250,-0.49207738,1.2290083,2.84,2.740536373,9812.625431,6.019130966,32.6518724,73.15,9.1,-0.052698813,28.50216735,-1.200016856,69.375
"Kenya",61.18061447,17.4,48.668166,29.18,0.385437968,12,7.305,51.21840186,0.131410727,19.5,2.032734005,23,71.298,630,-0.862696052,1.591775577,3.58,3.522084435,1845.783414,4.689819761,33.23990107,62.676,30.6,-1.179692149,40.07684657,-0.374979466,83.75
"Korea, Rep.",100,100,16.94011485,6.4,12.21645617,9,5.8,1.256763926,50.13235895,96.02285958,0.433519028,8,2.363,1274,0.573121369,6.154659917,0.977,2.462246216,33447.15628,1.47583935,85.22183304,82.62682927,2.8,0.638081014,12.75963728,0.798121333,85
"Kuwait",100,100,8.417508418,13.443,21.46122994,9,2.052,0.892403077,11.941624,99.59884959,4.55608227,35.4,5.85,121,-0.316699147,0.665505109,2.165,-2.128275932,32012.18752,0.543133148,3850.5,79.722,7.6,0.090533733,21.14305721,-0.604680121,29.375
"Kyrgyz Republic",100,77.5,54.07090719,27.1,1.788258367,10,5.2,10.66572566,5.320805323,57.1,1.99032207,10,38.73,533,-0.960398018,2.026562921,3.3,1.713209106,1308.139785,1.542661452,50.03895598,71.4,17,-0.529558122,33.73233478,-0.354460329,76.875
"Lao PDR",92.9,7.3,9.457538995,23.238,2.767597944,9,6.755,17.17468539,20.86241729,36.3,1.518707268,174,77.021,1834,-0.997076809,0.537476629,2.619,4.646555619,2553.361866,2.040392669,4.771838331,67.634,37.7,0.407829285,32.0382018,-1.750232816,85
"Latvia",100,100,31.14403715,10,4.039697505,11,15,18.1733372,13.75335162,83.57717486,-0.779138396,5.5,12.499,667,0.297805101,4.291493449,1.6,4.803913925,17865.03109,2.534454242,1.080430171,74.78292683,3.6,0.395304829,15.5239856,0.792103887,100
"Lesotho",47,39,80.14822134,27.262,1.035751771,7,13.259,10.04470639,0.378886969,40.8,1.254413132,29,92.029,788,-0.136426091,5.804050014,3.139,-2.708754074,1162.978854,4.751803016,2.565905097,53.733,60.8,-0.188686535,34.601211,0.008875524,78.125
"Lithuania",100,100,47.05412741,10,4.159315063,11,14.1,16.3516622,14.84864373,79.72258277,-0.954190459,5.5,11.603,656,0.466333061,2.395089246,1.63,4.990353856,19186.35959,2.697927792,1.834102379,75.6804878,3.3,0.729063928,14.88404113,0.901689649,93.75
"Madagascar",36.5,1.1,70.29047783,32.088,0.123102265,5,6.736,42.89549095,0.257187695,8.7,2.554077041,8,125.276,1513,-1.020541787,4.007829184,4.043,0.592066853,512.5439915,8.594229589,11.26150628,65.27,45.2,-0.578839123,40.35653606,-0.32132712,66.875
"Malawi",18.02,2,62.29316928,33.925,0.087620332,8,6.955,91.26439639,0.081620729,8,2.685561427,37,123.64,1181,-0.765652001,1.126497406,4.14,1.625495537,537.9322041,12.42017811,17.50483809,63.276,34.2,-0.431270897,44.80118095,-0.075617775,77.5
"Malaysia",99.99715424,95.2,26.08735352,15.978,7.452371382,6,5.175,9.090188089,22.92952826,81.20104862,1.31563682,13.5,9.536,2875,0.300330877,3.365904391,1.881,3.472766705,11073.97897,0.884709161,3.43948718,75.644,6.9,0.247989401,23.97011149,-0.100061126,50
"Maldives",100,99,21.33333333,15.531,3.626484917,7,2.828,98.18538904,3.829238114,70.9,3.599640348,12,8.979,1972,-0.875025868,3.376764338,1.784,4.825914398,11034.7236,-0.133373386,15.66666667,80.013,6.5,0.082971118,22.05262599,-0.675655544,73.75
"Mali",50.9,0.9,34.88309198,42.901,0.194032416,9,9.419,7.142161902,1.144243956,21.4,3.174850089,11,156.631,282,-0.711567581,0.594543965,6.183,1.473176725,856.3565966,0.299546507,8.00308642,59.393,65.9,-2.084461451,47.93382992,-0.32770136,63.75
"Malta",100,100,32.4375,9.2,3.203474816,11,7.6,8.133749951,51.9618134,81.65804429,3.491955403,16,12.223,560,0.547609329,4.424225587,1.23,3.730076267,31785.88483,1.157823625,84.62300297,82.44878049,5.5,1.271421313,13.40935259,1.100830078,88.75
"Mauritania",43.58927917,46.4,38.52721451,34.183,0.87013594,9,7.248,53.65468394,1.403957935,35.1,2.626187803,6,80.51,92,-0.812102079,5.95103713,4.607,2.056475375,1749.954236,3.067359961,13.24621733,65.31,34.7,-0.632418096,43.03761797,-0.868351042,48.125
"Mauritius",99.78661346,98.7,43.0645969,10.2,3.26641524,11,8.5,36.16602734,33.52681566,58.5961697,0.054535454,5,24.343,2041,0.186878189,3.464059587,1.41,3.950035487,11643.4606,3.216053831,21.48309706,74.41634146,13.8,0.859399259,17.99222854,0.738156199,89.375
"Moldova",99.99,97,68.63553016,13.443,3.160420552,13,13.339,57.50177076,35.27235818,50.3,-1.757004421,4,31.783,450,-0.746429086,0.190573912,1.809,5.920367182,4156.9575,3.045053973,12.42946243,70.492,12.9,-0.402226478,19.24041572,-0.109600902,87.5
"Mongolia",98.1,48.4,72.8416348,23.836,6.809659067,12,5.663,2.879429126,11.68944539,47.13000188,2.17135598,12,32.637,241,-0.448486507,1.472971739,2.923,5.430572573,4165.022821,6.824247901,3.395007342,71.199,14.4,0.831077039,31.1069785,0.244647413,85
"Morocco",98.1,98.1,68.39750661,18.813,1.789327961,9,5.637,20.62672478,6.103789513,64.80386519,1.117897027,9,27.546,346,-0.289577842,2.496765367,2.415,1.899445896,3492.672607,1.803916711,50.75121202,73.986,17.5,-0.348556757,27.47962418,-0.675675571,75.625
"Myanmar",66.10093689,31.3,20.02650529,17.869,0.622498221,5,8.622,27.62721889,0.988992636,28.7,0.719693109,14,32.988,2091,-0.612783849,4.237400643,2.213,5.506798087,1288.418087,6.872328657,5.801501397,66.465,37,-1.266946793,25.66861145,-0.900316596,58.75
"Namibia",52.32165527,45.9,47.14134752,29.008,1.778831765,7,8.403,29.55108298,5.893177813,40,1.725164552,54,68.184,285,0.307371318,6.321472942,3.462,-0.668554265,5687.381043,4.291591053,0.861552567,62.586,31.5,0.684950054,36.23835335,0.466437668,80
"Nepal",93.92,32,28.74782002,21.026,0.531081943,9,7.041,27.0802854,2.804139601,28.6,1.140549365,18.5,67.469,1500,-0.688618004,1.300761884,2.104,6.401863283,1161.53435,4.061163388,8.311832662,68.979,25.5,-0.542416573,31.41821828,-0.129691318,71.875
"Netherlands",100,100,54.14315414,9.8,8.785144105,13,8.9,14.97429196,34.13158432,91.89189189,0.583933409,3.5,2.611,778,1.888952136,3.990811223,1.59,1.764937264,53044.53244,1.703497947,16.36698361,81.81219512,3.5,0.838097334,15.9420035,1.499294758,97.5
"New Zealand",100,100,39.86935551,11.84,6.613271844,10,6.78,61.88010287,22.17617514,89,1.791240168,0.5,13.323,1732,2.135031462,3.944883253,1.71,1.687308055,43236.88669,1.598297038,8.04808476,81.70731707,4.2,1.512160897,19.5722313,1.604166865,94.375
"Nicaragua",85.21433258,54.1,42.24696693,21.704,0.764549887,7,4.605,46.56475791,4.957539539,37.6,1.405104723,14,89.65,2280,-1.023826838,5.55378405,2.404,-4.711010142,1981.858367,4.94723728,2.269773362,73.85,13.6,-0.950931132,31.04614756,-1.099699974,86.25
"Nigeria",56.5,10.7,74.87290974,38.248,0.572783212,9,13.239,1.982736756,0.070816414,38.7,2.496644904,10.9,103.466,1150,-1.083567619,1.322927551,5.447,-0.590389271,2125.834491,12.09510652,9.668217054,52.554,75.5,-2.097414255,43.89328576,-0.424289912,63.125
"North Macedonia",99.8,76.2,50.11895321,10.3,3.347723287,13,9.5,8.943512038,18.11699222,79.16775519,0.08263629,15,16.03,619,-0.392472923,4.309158354,1.42,2.795615119,6108.73917,1.458312985,52.12270087,76.64878049,7.1,-0.211983711,16.42299399,-0.025981188,85
"Norway",100,100,2.701337686,10.4,7.261315879,10,7.7,10.52021568,10.64160292,96.49165799,0.660090844,4,2.606,1414,2.050117016,1.556844335,1.56,0.165530155,82792.84271,2.764831345,2.046463878,82.75853659,2,1.120635986,17.63886588,1.708544374,96.875
"Oman",100,100,4.716930533,19.816,16.37957583,10,2.172,3.531075991,12.17648411,85.5,1.297249487,4.3,14.11,125,0.215245456,1.12580998,2.883,-0.018356673,19887.57431,0.881302104,116.7142857,77.966,9.3,0.642036438,23.00971506,-1.039815903,32.5
"Pakistan",93.39749146,46,47.93612495,28.594,0.85042708,12,6.843,20.83980642,1.335600622,15.34,1.537172403,16.5,44.908,494,-0.80138731,1.409555907,3.685,4.532445206,1620.742591,5.078057259,118.2381449,66.482,57.4,-2.253884554,37.85550582,-0.813987374,52.5
"Panama",93.8,100,29.56322459,18.814,2.381318791,11,5.013,66.59853375,17.4870248,61.80553132,1.675122976,6,74.96,2928,-0.610022247,3.139676573,2.441,1.963037727,16156.07429,0.761578359,0.90107111,77.863,13.2,0.252037287,27.27158689,0.558176339,79.375
"Paraguay",99.6,67.7,42.30339794,21.664,1.297481674,13,5.569,62.5881492,4.698720909,64.99354302,1.373970221,35,73.67,1130,-0.870616138,5.375624284,2.561,1.795951631,6242.961454,3.975610157,1.835399711,73.568,17.1,-0.086801514,29.65569966,0.031939447,94.375
"Peru",95.2,80.7,19.29577266,18.092,1.695130882,14,6.103,20.21734197,8.969693277,55.05433424,1.87582164,26,59.457,1738,-0.597704649,3.844379816,2.26,2.037249793,6912.103988,1.50915423,6.955246237,76.009,11.9,-0.276951969,27.45981983,0.215548977,95
"Poland",100,100,47.3985041,10.2,8.209531333,10,10.9,12.88813185,17.06904848,77.54173454,-0.000200133,37,10.681,600,0.62305665,4.048832674,1.46,5.945420508,15504.50894,1.812951565,33.22256836,77.60243902,3.9,0.480340898,15.20327768,0.710193098,93.75
"Portugal",100,100,40.79190028,8.5,4.809612613,12,11,11.92505256,49.30900253,74.66096815,-0.160104021,6.5,7.558,854,0.806138754,4.83782369,1.42,3.01412373,23562.55452,0.993715683,12.31571228,81.32439024,2.9,1.115095258,13.75850536,1.17851007,97.5
"Qatar",100,100,6.440382942,10.598,31.48096744,9,0.982,0.034603455,16.34014426,99.65284913,2.007081355,8.7,8.016,74,0.692682803,0.257646444,1.848,-0.776739175,66264.08117,0.255815383,431.0344828,80.898,5.5,0.649283886,13.99441652,-1.20660162,29.375
"Romania",99.82265472,100,58.30146036,10.8,3.861061715,10,13.6,9.463969794,18.66700927,70.68127793,-0.587493307,35,37.733,637,-0.22668846,1.052241971,1.76,6.653765808,12494.42358,4.625484431,6.00692819,75.35853659,6.1,0.036215875,15.95000822,0.533273637,90.625
"Russian Federation",100,81.4,13.15843626,10.9,11.49657125,11,12.5,5.459197279,20.65975074,80.86472187,-0.013066892,10.1,16.24,460,-0.869118035,1.446901494,1.579,2.815524107,11287.35449,2.878297236,4.122242749,72.66219512,5.1,-0.538375676,17.60660101,-1.070164561,73.125
"Rwanda",37.95683289,2.3,79.00283745,31.158,0.111987033,6,6.227,37.9765607,0.103416841,19.2,2.435038415,4,32.922,1212,0.535657406,0.042333724,3.994,5.925179406,768.9436612,-0.31121016,19.04397998,66.251,32.1,0.101642534,40.14546186,-1.141441464,78.125
"Sao Tome and Principe",71,2.8,43.75,29.535,0.650598077,6,5.879,74.2652496,2.507286698,30.081,1.577599603,7,82.714,3200,0.15306583,2.227442791,4.044,2.744391173,1815.605495,7.868596289,1.876146789,68.355,14.5,0.515797019,41.53749338,0.140056133,68.75
"Saudi Arabia",99.89,100,80.75373659,18.703,15.06550049,9,2.655,1.203930142,15.38461516,93.31000185,2.384150031,17.8,11.984,59,0.329810768,0.938470269,2.546,0.341212854,24175.58331,2.45814158,974.1666667,77.212,6.6,-0.660840631,26.31696841,-1.691343427,38.125
"Senegal",66,28.3,48.60541214,33.955,0.653397076,11,5.579,32.29266541,1.940576346,35.3,2.714643282,6,69.254,686,-0.046840053,1.286097623,4.584,3.364821604,1484.22707,0.460985642,16.0861244,68.097,31.9,-0.107445858,42.57060507,0.221032724,63.75
"Sierra Leone",26.1,0.7,54.71044611,33.099,0.132764622,9,9.308,45.63968845,0.055359934,15.8,2.364713067,8,109.314,2526,-0.511336386,2.59757358,4.294,1.054769013,519.6499639,16.02954477,0.495794393,59.796,85.2,-0.088885598,40.57362916,-0.182075322,63.125
"Singapore",100,100,0.924369748,8.8,8.018212077,6,5,3.249994511,34.41375202,88.16563603,0.469704299,1.5,2.348,2497,2.134553909,4.742817713,1.14,3.090075215,66836.522,0.438620118,81.38333333,83.29756098,2.1,1.468008995,12.20731008,-0.076766916,82.5
"Slovak Republic",100,100,39.28868552,10.6,6.059571809,10,10,3.466495046,13.26854603,80.44892248,0.13850816,26.5,26.808,824,0.230566427,2.926997996,1.54,3.886398879,19486.39368,2.514037129,2.394578313,77.26585366,4.9,0.736512184,15.67914271,0.847073376,94.375
"South Africa",84.7,86.3,79.41785028,21.137,7.667377025,9,8.765,11.10953176,5.834428489,62.4,1.22553004,40,59.361,495,-0.136328086,4.647749826,2.418,0.319770421,7067.724165,4.517165228,62.88824848,65.674,27.8,-0.237621993,28.6815298,0.637540758,88.125
"Spain",100,100,52.40820971,7.9,5.521059835,10,9.1,15.86788585,42.23511036,86.10723553,0.437982994,12.5,6.184,636,0.612849295,4.969032867,1.26,1.837460464,30379.72111,1.674981369,40.09406953,83.43170732,2.7,0.275779158,14.86233674,1.029652596,97.5
"St. Lucia",99.9905014,95,16.29508197,11.986,2.967597589,10,7.976,31.48329313,20.50110182,71.5,0.408392601,11,38.533,2301,0.560043097,4.992251089,1.436,2.461467538,11563.83043,1.935618932,14.3,73.357,21.2,0.993263125,19.26830365,0.851036549,83.75
"St. Vincent and the Grenadines",100,94,17.94871795,13.708,2.396443803,12,8.906,73.28815772,18.90862462,56,-0.254233405,10,50.273,1583,0.74370873,5.85861884,1.873,3.438252032,8399.707731,2.324144854,7.9,74.128,13.9,0.822919726,22.75112675,0.855020404,68.125
"Sweden",100,100,7.36634329,11.4,3.529743944,9,9.1,6.26941116,21.2935401,89.24696316,1.16164516,7.5,4.066,624,2.109263897,3.584577052,1.76,0.772577449,54589.06039,1.953535301,3.520634921,82.55853659,2.2,0.92122525,17.70954266,1.580299258,100
"Switzerland",100,100,38.18240515,10.3,4.402143727,11,7.9,3.047806611,39.12505517,91.8,0.736633975,10,2.403,1537,1.969518185,4.743483036,1.52,2.10552472,85217.36915,0.936335464,6.498855835,83.75365854,3.6,1.319249392,14.99473717,1.591921687,85.625
"Tanzania",34.92961121,4.9,44.13795439,37.525,0.206899782,7,6.177,21.90296259,0.213869948,17.1,3.189237171,27.5,127.938,1071,-0.47571075,1.994266611,4.923,2.207868433,1011.600159,3.494458489,12.96324081,66.535,36.8,-0.580516219,44.39401934,-0.380436808,81.25
"Thailand",99.82,82.1,44.717447,9.662,3.718427852,9,7.027,13.47979098,8.518469332,56.81748093,0.323321355,6,36.046,1622,-0.45801872,2.683939283,1.378,3.886439661,7124.55881,1.063897542,23.01393518,78.662,8.1,-0.799434543,16.57907762,-1.017935634,75
"Timor-Leste",85.15628052,11.7,23.00605245,25.921,0.404249333,9,7.012,89.44694197,0.174823374,27.6,1.485808227,13,35.654,1500,-0.505638003,1.023898745,3.452,-2.157407703,1241.164485,2.29424307,28.26821032,68.017,47.1,0.233176738,37.26561612,0.321847469,86.25
"Togo",50,8.8,70.2334988,33.186,0.272149541,10,8.766,16.22514114,0.468404419,15.5,2.438994035,5.5,80.53,1168,-0.749031723,4.093173393,4.442,2.270152902,873.5548872,0.927755426,3.391634981,60.244,46.8,-0.88600421,40.91853919,-0.758381546,84.375
"Tunisia",99.8,99.8,62.4388517,17.737,2.599764804,9,6.04,13.06658955,10.9110066,64.19081023,1.02422999,9,7.455,207,-0.113984153,5.768439862,2.174,1.579179371,3577.175342,7.30759176,95.9987812,75.95,14.6,-0.86821872,24.85513857,0.191849709,64.375
"Turkiye",100,95.2,49.11710822,16.481,5.08691958,12,5.065,10.7207424,14.04849508,71.04276084,1.353602986,7,21.15,593,-0.351102501,4.455904765,2.054,1.62818524,9568.83619,16.3324639,45.37887544,77.563,9.2,-1.315165997,24.03628206,-0.846058667,82.5
"Uganda",41.92,0.8,71.88809096,38.062,0.141311434,7,5.939,55.51468043,0.197676067,6,3.401277959,24,113.187,1180,-1.050883651,5.071157528,4.932,2.749030461,793.1280822,2.61601191,5.82799634,62.714,34.4,-0.701724708,46.76019462,-0.680717766,70
"Ukraine",100,95.2,71.33068692,8.7,4.159868343,11,14.8,39.12581456,14.38824117,62.55315539,-0.466425621,6.5,19.558,565,-0.921201885,1.160290086,1.301,4.016381776,3096.5625,10.95185594,13.87017362,71.58268293,7.4,-1.872089386,15.4572675,-0.030444134,79.375
"United Arab Emirates",100,100,5.375246409,10.049,19.06094953,12,1.324,4.206221302,25.61650385,98.45000178,0.789450108,3.8,4.275,78,1.11653626,3.0208513,1.356,0.517239889,46722.26872,3.068633793,1667.333333,79.627,6,0.689086735,14.5293695,-1.122703671,30
"United Kingdom",100,100,71.71852023,11,5.425128404,11,9.2,6.33004539,47.43275679,90.69200899,0.605929132,4.5,12.338,1220,1.806572199,2.058929509,1.68,0.791214735,43203.81411,2.292839903,14.35464621,81.25609756,3.8,0.077564575,17.90835227,1.381677747,97.5
"United States",100,100,44.36336735,11.6,15.2225181,12,8.678,9.401199456,33.21881969,88.49890317,0.526435396,5.6,17.06,715,1.292678237,2.014735974,1.7295,2.404867872,62823.30944,2.442583297,28.16198427,78.63902439,5.6,0.386042565,18.91102168,0.995731652,91.25
"Uzbekistan",99.9921875,84.2,57.92340673,23.3,3.420322793,12,4.7,9.467322732,10.66349218,55.20000067,1.736986377,3,19.015,206,-1.082399607,12.22419357,2.604,4.056506681,1604.258642,17.52417965,168.924577,71.149,14.4,-0.304469526,29.08813816,-1.627289057,64.375
"Viet Nam",100,90.7,38.73445023,15.873,3.014711266,10,6.663,10.63415881,4.526504059,69.84792868,0.932840032,17,34.514,1821,-0.511549294,2.141405229,1.937,6.467191498,3267.225069,3.539628059,18.13031538,73.976,17,0.032742601,23.01772439,-1.471340656,81.875
"Zambia",40.2293396,12.2,32.06795894,36.04,0.440527424,7,6.748,6.208452836,0.563156552,14.2999971,3.061887802,8.5,124.849,1020,-0.678601682,1.624947004,4.536,0.89734746,1475.199883,7.494571927,2.835497836,62.342,43.6,0.082525499,44.4961825,-0.336164176,78.75
"Zimbabwe",45.40028763,30,41.87669639,32.074,0.735434805,7,7.972,25.75192825,1.786112899,25,2.020537288,32,98.507,657,-1.246000648,2.203863662,3.659,2.909395136,2269.177012,10.61886587,35.40538538,61.414,38,-0.721038401,41.79879478,-1.136797905,86.875
